Name,Conflict,Casualties,Start Year,End Year,Type,Coordinates,URL,Conflict_URL
1938 Yellow River Flood,Second Sino-Japanese War,800000,1938,1938,Operation,"34.876967, 113.672767",https://en.wikipedia.org/wiki/1938_Yellow_River_flood,https://en.wikipedia.org/wiki/Second_Sino-Japanese_War
1982 Lebanon War,Israeli-Lebanese conflict,18500,1982,1985,Operation,"33.833333, 35.833333",https://en.wikipedia.org/wiki/1982_Lebanon_War,https://en.wikipedia.org/wiki/Israeli%E2%80%93Lebanese_conflict
Allied invasion of Italy,World War II,17092,1943,1943,Operation,"40.683333, 14.766667",https://en.wikipedia.org/wiki/Allied_invasion_of_Italy,https://en.wikipedia.org/wiki/World_War_II
Allied invasion of Sicily,World War II,36000,1943,1943,Operation,"37.5, 14",https://en.wikipedia.org/wiki/Allied_invasion_of_Sicily,https://en.wikipedia.org/wiki/World_War_II
Appomattox Campaign,American Civil War,16500,1865,1865,Operation,"37.377128, -78.797175",https://en.wikipedia.org/wiki/Appomattox_Campaign,https://en.wikipedia.org/wiki/American_Civil_War
Arab-Israeli War,Arab-Israeli conflict,19000,1948,1949,Operation,"31, 35",https://en.wikipedia.org/wiki/1948_Arab%E2%80%93Israeli_War,https://en.wikipedia.org/wiki/Arab%E2%80%93Israeli_conflict
Assyrian Conquest of Syria,Assyrian Conquest of Syria,14000,853 BC,853 BC,Battle,"33.513, 36.292 ",https://en.wikipedia.org/wiki/Assyrian_conquest_of_Aram,https://en.wikipedia.org/wiki/Assyrian_conquest_of_Aram
Battle of Adrianople,Gothic War,40000,378,378,Battle,"41.8, 26.6",https://en.wikipedia.org/wiki/Battle_of_Adrianople,https://en.wikipedia.org/wiki/Gothic_War_(376%E2%80%93382)
Battle of Adwa,First Italo-Ethiopian War,17300,1896,1896,Battle,"14.018889, 38.973333",https://en.wikipedia.org/wiki/Battle_of_Adwa,https://en.wikipedia.org/wiki/First_Italo-Ethiopian_War
Battle of al-Q?disiyyah,Muslim conquest of Persia,31000,636,636,Battle,"31.583333, 44.5",https://en.wikipedia.org/wiki/Battle_of_al-Q%C4%81disiyyah,https://en.wikipedia.org/wiki/Muslim_conquest_of_Persia
Battle of Aleppo,Syrian Civil War,31200,2012,2017,Operation,"36.216667, 37.166667",https://en.wikipedia.org/wiki/Battle_of_Aleppo_(2012%E2%80%932016),https://en.wikipedia.org/wiki/Syrian_Civil_War
Battle of Ankara,Ottoman-Timur War,80000,1402,1402,Battle,"39.8667, 32.8667",https://en.wikipedia.org/wiki/Battle_of_Ankara,https://en.wikipedia.org/wiki/Timur#Campaigns_in_the_Levant
Battle of Antietam,American Civil War,26193,1862,1862,Battle,"39.473333, -77.744722",https://en.wikipedia.org/wiki/Battle_of_Antietam,https://en.wikipedia.org/wiki/American_Civil_War
Battle of Arausio,Germanic Wars (Cimbrian War),84000,105 BC,105 BC,Battle,"44.1383, 4.8097",https://en.wikipedia.org/wiki/Battle_of_Arausio,https://en.wikipedia.org/wiki/Cimbrian_War
Battle of Arcole,War of the First Coalition,11000,1796,1796,Battle,"45.35, 11.283333",https://en.wikipedia.org/wiki/Battle_of_Arcole,https://en.wikipedia.org/wiki/War_of_the_First_Coalition
Battle of Asiago,World War I,240000,1916,1916,Operation,"45.901944, 11.508889",https://en.wikipedia.org/wiki/Battle_of_Asiago,https://en.wikipedia.org/wiki/World_War_I
Battle of Austerlitz,War of the Third Coalition,45000,1805,1805,Battle,"49.133333, 16.766667",https://en.wikipedia.org/wiki/Battle_of_Austerlitz,https://en.wikipedia.org/wiki/War_of_the_Third_Coalition
Battle of Bannockburn,First War of Scottish Independence,19000,1314,1314,Battle,"56.092, -3.915",https://en.wikipedia.org/wiki/Battle_of_Bannockburn,https://en.wikipedia.org/wiki/First_War_of_Scottish_Independence
Battle of Bataan/Battle of Corregidor,World War II,30000,1942,1942,Operation,"14.67, 120.42 ",https://en.wikipedia.org/wiki/Battle_of_Bataan,https://en.wikipedia.org/wiki/World_War_II
Battle of Berestechko,Khmelnytsky Uprising,40000,1651,1651,Battle,"50.35, 25.116667 ",https://en.wikipedia.org/wiki/Battle_of_Berestechko,https://en.wikipedia.org/wiki/Khmelnytsky_Uprising
Battle of Berezina,French invasion of Russia,60000,1812,1812,Battle,"54.325833, 28.360517",https://en.wikipedia.org/wiki/Battle_of_Berezina,https://en.wikipedia.org/wiki/French_invasion_of_Russia
Battle of Berlin,World War II,1298745,1945,1945,Siege,"52.516667, 13.383333",https://en.wikipedia.org/wiki/Battle_of_Berlin,https://en.wikipedia.org/wiki/World_War_II
Battle of Bijapur,Mughal Conquest,17000,1685,1686,Battle,"16.8276, 75.7087",https://en.wikipedia.org/wiki/Siege_of_Bijapur,https://en.wikipedia.org/wiki/Mughal_Empire
Battle of Binakayan-Dalahican,Philippine Revolutionary War,15000,1896,1896,Battle,"14.27, 120.87",https://en.wikipedia.org/wiki/Battle_of_Binakayan-Dalahican,https://en.wikipedia.org/wiki/Philippine_Revolution
Battle of Blenheim,War of the Spanish Succession,51804,1704,1704,Battle,"48.633333, 10.633333",https://en.wikipedia.org/wiki/Battle_of_Blenheim,https://en.wikipedia.org/wiki/War_of_the_Spanish_Succession
Battle of Blood River,Zulu purge of the Voortrekkers,3000,1838,1838,Battle,"-28.105278, 30.541667",https://en.wikipedia.org/wiki/Battle_of_Blood_River,https://en.wikipedia.org/wiki/Great_Trek
Battle of Borodino,French invasion of Russia,74000,1812,1812,Battle,"55.516667, 35.816667",https://en.wikipedia.org/wiki/Battle_of_Borodino,https://en.wikipedia.org/wiki/French_invasion_of_Russia
Battle of Bregalnica,Second Balkan War,36620,1913,1913,Operation,"41.6, 21.916667",https://en.wikipedia.org/wiki/Battle_of_Bregalnica,https://en.wikipedia.org/wiki/Second_Balkan_War
Battle of Byeokjegwan,Japanese invasions of Korea (1592-98),6000,1593,1593,Battle,"37.566667, 126.966667 ",https://en.wikipedia.org/wiki/Battle_of_Byeokjegwan,https://en.wikipedia.org/wiki/Japanese_invasions_of_Korea_(1592%E2%80%9398)
Battle of Cambrai,World War I,89000,1917,1917,Operation,"50.176667, 3.235556",https://en.wikipedia.org/wiki/Battle_of_Cambrai_(1917),https://en.wikipedia.org/wiki/World_War_I
Battle of Cannae,Second Punic War,92000,216 BC,216 BC,Battle,"41.306389, 16.1325",https://en.wikipedia.org/wiki/Battle_of_Cannae,https://en.wikipedia.org/wiki/Second_Punic_War
Battle of Caporetto,World War I,375000,1917,1917,Operation,"46.214444, 13.6425",https://en.wikipedia.org/wiki/Battle_of_Caporetto,https://en.wikipedia.org/wiki/World_War_I
Battle of Carrhae,Roman-Persian Wars,24000,53 BC,53 BC,Battle,"36.8775, 39.033889",https://en.wikipedia.org/wiki/Battle_of_Carrhae,https://en.wikipedia.org/wiki/Roman%E2%80%93Persian_Wars
Battle of Chaeronea,Rise of Macedon,20000,338 BC,338 BC,Battle,"38.516667, 22.85",https://en.wikipedia.org/wiki/Battle_of_Chaeronea_(338_BC),https://en.wikipedia.org/wiki/Rise_of_Macedon
Battle of Chancellorsville,American Civil War,30500,1863,1863,Operation,"38.3105, -77.6484",https://en.wikipedia.org/wiki/Battle_of_Chancellorsville,https://en.wikipedia.org/wiki/American_Civil_War
Battle of Changde,Second Sino-Japanese War,31000,1943,1943,Siege,"29.0333, 111.683",https://en.wikipedia.org/wiki/Battle_of_Changde,https://en.wikipedia.org/wiki/Second_Sino-Japanese_War
Battle of Changping,Qin's wars of unification,700000,262 BC,260 BC,Battle,"35.8, 112.933333",https://en.wikipedia.org/wiki/Battle_of_Changping,https://en.wikipedia.org/wiki/Qin%27s_wars_of_unification
Battle of Chickamauga,American Civil War,34000,1863,1863,Battle,"34.9176, -85.2606",https://en.wikipedia.org/wiki/Battle_of_Chickamauga,https://en.wikipedia.org/wiki/American_Civil_War
Battle of Chungju,Japanese invasions of Korea (1592-98),100000,1592,1592,Battle,"36.966667, 127.95",https://en.wikipedia.org/wiki/Battle_of_Chungju,https://en.wikipedia.org/wiki/Japanese_invasions_of_Korea_(1592%E2%80%9398)
Battle of Crete,World War II,16007,1941,1941,Operation,"35.216667, 24.916667",https://en.wikipedia.org/wiki/Battle_of_Crete,https://en.wikipedia.org/wiki/World_War_II
Battle of Didgori,Georgian-Seljuk wars,210000,1121,1121,Battle,"41.683333, 44.516667",https://en.wikipedia.org/wiki/Battle_of_Didgori,https://en.wikipedia.org/wiki/Georgian%E2%80%93Seljuk_wars
Battle of Dien Bien Phu,First Indochina War,31500,1954,1954,Operation,"21.386944, 103.015556",https://en.wikipedia.org/wiki/Battle_of_Dien_Bien_Phu,https://en.wikipedia.org/wiki/First_Indochina_War
Battle of Eylau,War of the Fourth Coalition,50000,1807,1807,Battle,"54.4, 20.633333",https://en.wikipedia.org/wiki/Battle_of_Eylau,https://en.wikipedia.org/wiki/War_of_the_Fourth_Coalition
Battle of Fei River,Wu Hu Era,150000,383,383,Battle,"32.4103, 115.404",https://en.wikipedia.org/wiki/Battle_of_Fei_River,https://en.wikipedia.org/wiki/Sixteen_Kingdoms
Battle of Fontenoy,War of the Austrian Succession,19500,1745,1745,Battle,"50.5694, 3.475",https://en.wikipedia.org/wiki/Battle_of_Fontenoy,https://en.wikipedia.org/wiki/War_of_the_Austrian_Succession
Battle of France,World War II,469000,1940,1940,Operation,"50.914800, 2.513078",https://en.wikipedia.org/wiki/Battle_of_France,https://en.wikipedia.org/wiki/World_War_II
Battle of Fredericksburg,American Civil War,17962,1862,1862,Battle,"38.2995, -77.4705",https://en.wikipedia.org/wiki/Battle_of_Fredericksburg,https://en.wikipedia.org/wiki/American_Civil_War
Battle of Gaugamela,Wars of Alexander the Great,301100,331 BC,331 BC,Battle,"36.56, 43.444",https://en.wikipedia.org/wiki/Battle_of_Gaugamela,https://en.wikipedia.org/wiki/Wars_of_Alexander_the_Great
Battle of Gazala,World War II,148000,1942,1942,Operation,"32.145278, 23.3575",https://en.wikipedia.org/wiki/Battle_of_Gazala,https://en.wikipedia.org/wiki/World_War_II
Battle of Gettysburg,American Civil War,51000,1863,1863,Battle,"39.811, -77.225",https://en.wikipedia.org/wiki/Battle_of_Gettysburg,https://en.wikipedia.org/wiki/American_Civil_War
Battle of Ghaghra,Mughal Conquest,13000,1529,1529,Battle,"25.753056, 84.666389",https://en.wikipedia.org/wiki/Battle_of_Ghaghra,https://en.wikipedia.org/wiki/Mughal_Empire
Battle of Greece,World War II,46295,1941,1941,Operation,"37.983972, 23.727806",https://en.wikipedia.org/wiki/Battle_of_Greece,https://en.wikipedia.org/wiki/World_War_II
Battle of Grunwald,Polish-Lithuanian-Teutonic War,13000,1410,1410,Battle,"53.486111, 20.124722",https://en.wikipedia.org/wiki/Battle_of_Grunwald,https://en.wikipedia.org/wiki/Polish%E2%80%93Lithuanian%E2%80%93Teutonic_War
Battle of Guadalajara,Spanish Civil War,12000,1937,1937,Operation,"40.6333, -3.1667",https://en.wikipedia.org/wiki/Battle_of_Guadalajara,https://en.wikipedia.org/wiki/Spanish_Civil_War
Battle of Hattin,Ayyubid-Crusader War,20000,1187,1187,Battle,"32.803611, 35.444444",https://en.wikipedia.org/wiki/Battle_of_Hattin,https://en.wikipedia.org/wiki/Military_history_of_the_Crusader_states#Wars_with_the_Ayyubids
Battle of Heraclea,Pyrrhic War,11000,280 BC,280 BC,Battle,"40.22, 16.669722",https://en.wikipedia.org/wiki/Battle_of_Heraclea,https://en.wikipedia.org/wiki/Pyrrhic_War
Battle of Hong Kong,World War II,18000,1941,1941,Operation,"22.267, 114.188",https://en.wikipedia.org/wiki/Battle_of_Hong_Kong,https://en.wikipedia.org/wiki/World_War_II
Battle of Hurtgen Forest,World War II,63000,1944,1945,Operation,"50.708611, 6.362778",https://en.wikipedia.org/wiki/Battle_of_H%C3%BCrtgen_Forest,https://en.wikipedia.org/wiki/World_War_II
Battle of Inchon,Korean War,17429,1950,1950,Operation,"37.483333, 126.633333",https://en.wikipedia.org/wiki/Battle_of_Inchon,https://en.wikipedia.org/wiki/Korean_War
Battle of Inkerman,Crimean War,15857,1853,1856,Battle,"44.585, 33.592",https://en.wikipedia.org/wiki/Battle_of_Inkerman,https://en.wikipedia.org/wiki/Crimean_War
Battle of Issus,Wars of Alexander the Great,27000,333 BC,333 BC,Battle,"36.837894, 36.211109",https://en.wikipedia.org/wiki/Battle_of_Issus,https://en.wikipedia.org/wiki/Wars_of_Alexander_the_Great
Battle of Iwo Jima,World War II,48700,1945,1945,Operation,"24.783333, 141.316667",https://en.wikipedia.org/wiki/Battle_of_Iwo_Jima,https://en.wikipedia.org/wiki/World_War_II
Battle of Jena-Auerstedt,War of the Fourth Coalition,44830,1806,1806,Battle,"50.95, 11.575",https://en.wikipedia.org/wiki/Battle_of_Jena%E2%80%93Auerstedt,https://en.wikipedia.org/wiki/War_of_the_Fourth_Coalition
Battle of Kalinga,Kalinga War,200000,262 BC,262 BC,Battle,"20.15, 85.5 ",https://en.wikipedia.org/wiki/Kalinga_War,https://en.wikipedia.org/wiki/Kalinga_War
Battle of Keren,World War II,34000,1941,1941,Operation,"15.776667, 38.451111 ",https://en.wikipedia.org/wiki/Battle_of_Keren,https://en.wikipedia.org/wiki/World_War_II
Battle of Khajwa,Mughal Conquest,20000,1658,1659,Battle,"26.052,80.524",https://en.wikipedia.org/wiki/Battle_of_Khajwa,https://en.wikipedia.org/wiki/Mughal_Empire
Battle of Kiev,World War II,700544,1941,1941,Siege,"50.4536, 30.5164",https://en.wikipedia.org/wiki/Battle_of_Kiev_(1941),https://en.wikipedia.org/wiki/World_War_II
Battle of Koniggratz,Austro-Prussian War,47500,1866,1866,Battle,"50.27, 15.75",https://en.wikipedia.org/wiki/Battle_of_K%C3%B6niggr%C3%A4tz,https://en.wikipedia.org/wiki/Austro-Prussian_War
Battle of Kulikovo,List of Mongol and Tatar raids against Rus',136000,1866,1866,Battle,"53.6525, 38.6535",https://en.wikipedia.org/wiki/Battle_of_Kulikovo,https://en.wikipedia.org/wiki/List_of_Mongol_and_Tatar_raids_against_Rus%27
Battle of Kursk,World War II,388000,1943,1943,Operation,"51.716667, 36.183333",https://en.wikipedia.org/wiki/Battle_of_Kursk,https://en.wikipedia.org/wiki/World_War_II
Battle of Lake Trasimene,Second Punic War,30000,217 BC,217 BC,Battle,"43.139444, 12.1075",https://en.wikipedia.org/wiki/Battle_of_Lake_Trasimene,https://en.wikipedia.org/wiki/Second_Punic_War
Battle of Landen,War of the Grand Alliance,28000,1693,1693,Battle,"50.7667, 5.05",https://en.wikipedia.org/wiki/Battle_of_Landen,https://en.wikipedia.org/wiki/Nine_Years%27_War
Battle of Las Navas de Tolosa,Reconquista,60000,1212,1212,Battle,"38.28443, -3.58286",https://en.wikipedia.org/wiki/Battle_of_Las_Navas_de_Tolosa,https://en.wikipedia.org/wiki/Reconquista
Battle of Legnica,Mongol invasion of Poland,30000,1241,1241,Battle,"51.15, 16.25",https://en.wikipedia.org/wiki/Battle_of_Legnica,https://en.wikipedia.org/wiki/First_Mongol_invasion_of_Poland
Battle of Leipzig,War of the Sixth Coalition,92000,1813,1813,Battle,"51.25, 12.64",https://en.wikipedia.org/wiki/Battle_of_Leipzig,https://en.wikipedia.org/wiki/War_of_the_Sixth_Coalition
Battle of Lepanto,Ottoman-Venetian Wars,27566,1571,1571,Battle,"38.2, 21.3",https://en.wikipedia.org/wiki/Battle_of_Lepanto,https://en.wikipedia.org/wiki/Ottoman%E2%80%93Venetian_Wars
Battle of Leuthen,Seven Years' War,28000,1757,1757,Battle,"51.133333, 16.8",https://en.wikipedia.org/wiki/Battle_of_Leuthen,https://en.wikipedia.org/wiki/Seven_Years%27_War
Battle of Leyte Gulf,World War II,12000,1944,1944,Operation,"10.3706, 125.3556 ",https://en.wikipedia.org/wiki/Battle_of_Leyte_Gulf,https://en.wikipedia.org/wiki/World_War_II
Battle of Ligny,Hundred Days,28000,1815,1815,Battle,"50.52027, 4.5814",https://en.wikipedia.org/wiki/Battle_of_Ligny,https://en.wikipedia.org/wiki/Hundred_Days
Battle of Lodz,World War I,125000,1914,1914,Operation,"51.783333, 19.466667",https://en.wikipedia.org/wiki/Battle_of_%C5%81%C3%B3d%C5%BA_(1914),https://en.wikipedia.org/wiki/World_War_I
Battle of Lule Burgas,First Balkan War,42162,1912,1912,Operation,"41.405556, 27.356944",https://en.wikipedia.org/wiki/Battle_of_Lule_Burgas,https://en.wikipedia.org/wiki/First_Balkan_War
Battle of Lutzen,Thirty Years' War,10000,1632,1632,Battle,"51.25, 12.133333",https://en.wikipedia.org/wiki/Battle_of_L%C3%BCtzen_(1632),https://en.wikipedia.org/wiki/Thirty_Years%27_War
Battle of Luzon,World War II,345330,1945,1945,Operation,"16, 121",https://en.wikipedia.org/wiki/Battle_of_Luzon,https://en.wikipedia.org/wiki/World_War_II
Battle of Magnesia,Roman-Seleucid War,53350,190 BC,190 BC,Battle,"38.6167, 27.4333",https://en.wikipedia.org/wiki/Battle_of_Magnesia,https://en.wikipedia.org/wiki/Roman%E2%80%93Seleucid_War
Battle of Malaya/Battle of Singapore,World War II,143800,1941,1942,Operation,"4, 102.5",https://en.wikipedia.org/wiki/Malayan_Campaign,https://en.wikipedia.org/wiki/World_War_II
Battle of Malplaquet,War of the Spanish Succession,36763,1709,1709,Battle,"50.319722, 3.836667",https://en.wikipedia.org/wiki/Battle_of_Malplaquet,https://en.wikipedia.org/wiki/War_of_the_Spanish_Succession
Battle of Manila,World War II,500000,1945,1945,Siege,"14.583333, 120.966667",https://en.wikipedia.org/wiki/Battle_of_Manila_(1945),https://en.wikipedia.org/wiki/World_War_II
Battle of Marengo,War of the Second Coalition,19600,1800,1800,Battle,"44.883333, 8.683333",https://en.wikipedia.org/wiki/Battle_of_Marengo,https://en.wikipedia.org/wiki/War_of_the_Second_Coalition
Battle of Marignano,War of the League of Cambrai,22000,1515,1515,Battle,"45.366667, 9.316667",https://en.wikipedia.org/wiki/Battle_of_Marignano,https://en.wikipedia.org/wiki/War_of_the_League_of_Cambrai
Battle of Mars-la-Tour/Battle of Gravelotte,Franco-Prussian War,34000,1870,1870,Battle,"49.103095, 5.872536",https://en.wikipedia.org/wiki/Battle_of_Mars-la-Tour,https://en.wikipedia.org/wiki/Franco-Prussian_War
Battle of Messines,World War I,59562,1917,1917,Operation,"50.7644, 2.8981",https://en.wikipedia.org/wiki/Battle_of_Messines_(1917),https://en.wikipedia.org/wiki/World_War_I
Battle of Mohacs,Ottoman-Habsburg wars,30000,1526,1526,Battle,"45.941389, 18.647222",https://en.wikipedia.org/wiki/Battle_of_Moh%C3%A1cs,https://en.wikipedia.org/wiki/Ottoman%E2%80%93Hungarian_wars
Battle of Mohi,Mongol invasion of Europe,15000,1241,1241,Battle,"47.977747, 20.913292",https://en.wikipedia.org/wiki/Battle_of_Mohi,https://en.wikipedia.org/wiki/Mongol_invasion_of_Europe
Battle of Mons Graupius,Roman conquest of Britain,10360,84,84,Battle,"57.043, -2.627",https://en.wikipedia.org/wiki/Battle_of_Mons_Graupius,https://en.wikipedia.org/wiki/Roman_conquest_of_Britain
Battle of Mons/Battle of Le Cateau,World War I,10712,1914,1914,Battle,"50.104167, 3.544444",https://en.wikipedia.org/wiki/Battle_of_Le_Cateau,https://en.wikipedia.org/wiki/World_War_I
Battle of Monte Cassino,World War II,185000,1944,1944,Operation,"41.483333, 13.816667",https://en.wikipedia.org/wiki/Battle_of_Monte_Cassino,https://en.wikipedia.org/wiki/World_War_II
Battle of Moscow,World War II,1000000,1941,1941,Operation,"55.75, 37.633333",https://en.wikipedia.org/wiki/Battle_of_Moscow,https://en.wikipedia.org/wiki/World_War_II
Battle of Mukden,Russo-Japanese War,160000,1905,1905,Operation,"41.783333, 123.433333",https://en.wikipedia.org/wiki/Battle_of_Mukden,https://en.wikipedia.org/wiki/Russo-Japanese_War
Battle of Muzayyah,Muslim conquest of Persia,10000,633,633,Battle,"33.743756, 42.303281",https://en.wikipedia.org/wiki/Battle_of_Muzayyah,https://en.wikipedia.org/wiki/Muslim_conquest_of_Persia
Battle of Nahavand,Muslim conquest of Persia,28500,642,642,Battle,"34.188611, 48.376944",https://en.wikipedia.org/wiki/Battle_of_Nah%C4%81vand,https://en.wikipedia.org/wiki/Muslim_conquest_of_Persia
Battle of Nanchang,Second Sino-Japanese War,75328,1939,1939,Siege,"28.683333, 115.883333",https://en.wikipedia.org/wiki/Battle_of_Nanchang,https://en.wikipedia.org/wiki/Second_Sino-Japanese_War
Battle of Narva,World War II,550000,1944,1944,Operation,"59.383333, 28.2",https://en.wikipedia.org/wiki/Battle_of_Narva_(1944),https://en.wikipedia.org/wiki/World_War_II
Battle of Nordlingen,Thirty Years' War,10400,1634,1634,Battle,"48.805, 10.492778",https://en.wikipedia.org/wiki/Battle_of_N%C3%B6rdlingen_(1634),https://en.wikipedia.org/wiki/Thirty_Years%27_War
Battle of Okinawa,World War II,158400,1945,1945,Operation,"26.5, 128",https://en.wikipedia.org/wiki/Battle_of_Okinawa,https://en.wikipedia.org/wiki/World_War_II
Battle of Omdurman,Mahdist War,20430,1898,1898,Battle,"15.751944, 32.52",https://en.wikipedia.org/wiki/Battle_of_Omdurman,https://en.wikipedia.org/wiki/Mahdist_War
Battle of Pharsalus,Caesar's Civil War,17000,48 BC,48 BC,Battle,"39.3, 22.383333",https://en.wikipedia.org/wiki/Battle_of_Pharsalus,https://en.wikipedia.org/wiki/Caesar%27s_Civil_War
Battle of Plataea,Greco-Persian Wars,257000,479 BC,479 BC,Battle,"38.21, 23.29",https://en.wikipedia.org/wiki/Battle_of_Plataea,https://en.wikipedia.org/wiki/Greco-Persian_Wars
Battle of Pydna,Third Macedonian War,31100,168 BC,168 BC,Battle,"40.365278, 22.613056",https://en.wikipedia.org/wiki/Battle_of_Pydna,https://en.wikipedia.org/wiki/Third_Macedonian_War
Battle of Ramillies,War of the Spanish Succession,22663,1706,1706,Battle,"50.638611, 4.912778",https://en.wikipedia.org/wiki/Battle_of_Ramillies,https://en.wikipedia.org/wiki/War_of_the_Spanish_Succession
Battle of Ravenna,War of the League of Cambrai,18000,1512,1512,Battle,"44.416667, 12.2",https://en.wikipedia.org/wiki/Battle_of_Ravenna_(1512),https://en.wikipedia.org/wiki/War_of_the_League_of_Cambrai
Battle of Red Cliffs,Three Kingdoms,100000,208,208,Battle,"29.869722, 113.620278",https://en.wikipedia.org/wiki/Battle_of_Red_Cliffs,https://en.wikipedia.org/wiki/Three_Kingdoms
Battle of Ridaniya,Ottoman wars in the Near East,13000,1517,1517,Battle,"30.044444, 31.235833 ",https://en.wikipedia.org/wiki/Battle_of_Ridaniya,https://en.wikipedia.org/wiki/Ottoman_wars_in_the_Near_East
Battle of Sacheon (1598 AD),Japanese invasions of Korea (1592-98),30000,1598,1598,Battle,"35.25, 128.25",https://en.wikipedia.org/wiki/Battle_of_Sacheon_(1598),https://en.wikipedia.org/wiki/Japanese_invasions_of_Korea_(1592%E2%80%9398)
Battle of Saipan,World War II,43500,1944,1944,Operation,"15.183333, 145.75",https://en.wikipedia.org/wiki/Battle_of_Saipan,https://en.wikipedia.org/wiki/World_War_II
Battle of Sakarya,Greco-Turkish War,61000,1921,1921,Battle,"41.1264, 30.6489",https://en.wikipedia.org/wiki/Battle_of_Sakarya,https://en.wikipedia.org/wiki/Greco-Turkish_War_(1919%E2%80%931922)
Battle of Salamanca,Peninsular War,18800,1812,1812,Battle,"40.89353, -5.64526",https://en.wikipedia.org/wiki/Battle_of_Salamanca,https://en.wikipedia.org/wiki/Peninsular_War
Battle of Salsu,Goguryeo-Sui Wars,302300,612,612,Battle,"39.6, 125.416667 ",https://en.wikipedia.org/wiki/Battle_of_Salsu,https://en.wikipedia.org/wiki/Goguryeo%E2%80%93Sui_War
Battle of Samugarh,Mughal Conquest,32000,1658,1658,Battle,"27.18, 78.02",https://en.wikipedia.org/wiki/Battle_of_Samugarh,https://en.wikipedia.org/wiki/Mughal_Empire
Battle of Saniyy,Muslim conquest of Persia,5000,633,633,Battle,"33.437627, 42.878083",https://en.wikipedia.org/wiki/Battle_of_Saniyy,https://en.wikipedia.org/wiki/Muslim_conquest_of_Persia
Battle of Sedan,Franco-Prussian War,26000,1870,1870,Battle,"49.7, 4.944444",https://en.wikipedia.org/wiki/Battle_of_Sedan,https://en.wikipedia.org/wiki/Franco-Prussian_War
Battle of Sekigahara,Sengoku period,60000,1600,1600,Battle,"35.3667, 136.4667",https://en.wikipedia.org/wiki/Battle_of_Sekigahara,https://en.wikipedia.org/wiki/Sengoku_period
Battle of Sentinum,Third Samnite War,33500,295 BC,295 BC,Battle,"43.418489, 12.85225",https://en.wikipedia.org/wiki/Battle_of_Sentinum,https://en.wikipedia.org/wiki/Samnite_Wars#Third_Samnite_War
Battle of Shanggao,Second Sino-Japanese War,42000,1941,1941,Operation,"28.1833, 114.883",https://en.wikipedia.org/wiki/Battle_of_Shanggao,https://en.wikipedia.org/wiki/Second_Sino-Japanese_War
Battle of Shanghai,Second Sino-Japanese War,290000,1937,1937,Siege,"31.2323, 121.469",https://en.wikipedia.org/wiki/Battle_of_Shanghai,https://en.wikipedia.org/wiki/Second_Sino-Japanese_War
Battle of Shiloh,American Civil War,24000,1862,1862,Battle,"35.15068, -88.32183",https://en.wikipedia.org/wiki/Battle_of_Shiloh,https://en.wikipedia.org/wiki/American_Civil_War
Battle of South Shanxi,Second Sino-Japanese War,120000,1941,1941,Siege,"38, 112",https://en.wikipedia.org/wiki/Battle_of_South_Shanxi,https://en.wikipedia.org/wiki/Second_Sino-Japanese_War
Battle of Spotsylvania Court House,American Civil War,30000,1864,1864,Battle,"38.2242, -77.5981",https://en.wikipedia.org/wiki/Battle_of_Spotsylvania_Court_House,https://en.wikipedia.org/wiki/American_Civil_War
Battle of Stalingrad,World War II,1798619,1942,1943,Siege,"48.7, 44.516667",https://en.wikipedia.org/wiki/Battle_of_Stalingrad,https://en.wikipedia.org/wiki/World_War_II
Battle of Stones River,American Civil War,24000,1862,1863,Battle,"35.88, -86.435",https://en.wikipedia.org/wiki/Battle_of_Stones_River,https://en.wikipedia.org/wiki/American_Civil_War
Battle of Suixian-Zaoyang,Second Sino-Japanese War,49000,1939,1939,Operation,"32.1252, 112.751",https://en.wikipedia.org/wiki/Battle_of_Suixian%E2%80%93Zaoyang,https://en.wikipedia.org/wiki/Second_Sino-Japanese_War
Battle of Talavera,Peninsular War,13900,1809,1809,Battle,"39.966667, -4.833333",https://en.wikipedia.org/wiki/Battle_of_Talavera,https://en.wikipedia.org/wiki/Peninsular_War
Battle of Tannenberg,World War I,183873,1914,1914,Operation,"53.495833, 20.134444",https://en.wikipedia.org/wiki/Battle_of_Tannenberg,https://en.wikipedia.org/wiki/World_War_I
Battle of Teruel,Spanish Civil War,142000,1937,1938,Operation,"40.35, -1.1",https://en.wikipedia.org/wiki/Battle_of_Teruel,https://en.wikipedia.org/wiki/Spanish_Civil_War
Battle of the Bulge,World War II,186369,1944,1945,Operation,"50.25, 5.666667",https://en.wikipedia.org/wiki/Battle_of_the_Bulge,https://en.wikipedia.org/wiki/World_War_II
Battle of the Catalaunian Plains,Hunnic Invasion,165000,451,451,Battle,"49, 4.5",https://en.wikipedia.org/wiki/Battle_of_the_Catalaunian_Plains,https://en.wikipedia.org/wiki/Huns#Unified_Empire_under_Attila
Battle of the Downs,Eighty Years' War,15000,1639,1639,Battle,"51.2, 1.5",https://en.wikipedia.org/wiki/Battle_of_the_Downs,https://en.wikipedia.org/wiki/Eighty_Years%27_War
Battle of the Ebro,Spanish Civil War,106500,1938,1938,Operation,"41.163889, 0.475",https://en.wikipedia.org/wiki/Battle_of_the_Ebro,https://en.wikipedia.org/wiki/Spanish_Civil_War
Battle of the Granicus,Wars of Alexander the Great,10600,334 BC,334 BC,Battle,"40.228056, 27.242222",https://en.wikipedia.org/wiki/Battle_of_the_Granicus,https://en.wikipedia.org/wiki/Wars_of_Alexander_the_Great
Battle of the Hydaspes,Wars of Alexander the Great,44960,326 BC,326 BC,Battle,"32.827778, 73.638889",https://en.wikipedia.org/wiki/Battle_of_the_Hydaspes,https://en.wikipedia.org/wiki/Wars_of_Alexander_the_Great
Battle of the Kalka River,Mongol invasion of Rus',20000,1223,1223,Battle,"47.250789, 37.495686",https://en.wikipedia.org/wiki/Battle_of_the_Kalka_River,https://en.wikipedia.org/wiki/Mongol_invasion_of_Rus%27
Battle of the Kerch Peninsula,World War II,176000,1942,1942,Operation,"45.3, 34.4",https://en.wikipedia.org/wiki/Battle_of_the_Kerch_Peninsula,https://en.wikipedia.org/wiki/World_War_II
Battle of the Metaurus,Second Punic War,12000,207 BC,207 BC,Battle,"43.7824, 13.0145",https://en.wikipedia.org/wiki/Battle_of_the_Metaurus,https://en.wikipedia.org/wiki/Second_Punic_War
Battle of the Rhineland,World War II,250000,1945,1945,Operation,"51.981667, 4.080556",https://en.wikipedia.org/wiki/Allied_advance_from_Paris_to_the_Rhine#Germany_west_of_the_Rhine,https://en.wikipedia.org/wiki/World_War_II
Battle of the Somme,World War I,1120000,1916,1916,Operation,"50.016667, 2.683333",https://en.wikipedia.org/wiki/Battle_of_the_Somme,https://en.wikipedia.org/wiki/World_War_I
Battle of the Teutoburg Forest,Roman-Germanic wars,20000,9,9,Battle,"52.408056, 8.129444",https://en.wikipedia.org/wiki/Battle_of_the_Teutoburg_Forest,https://en.wikipedia.org/wiki/Germanic_Wars
Battle of the Trebia,Second Punic War,35000,218 BC,218 BC,Battle,"45.05, 9.6",https://en.wikipedia.org/wiki/Battle_of_the_Trebia,https://en.wikipedia.org/wiki/Second_Punic_War
Battle of Thermopylae,Greco-Persian Wars,22500,480 BC,480 BC,Battle,"38.796611, 22.536722",https://en.wikipedia.org/wiki/Battle_of_Thermopylae,https://en.wikipedia.org/wiki/Greco-Persian_Wars
Battle of Thymbra,Lydian-Persian War,100000,547 BC,547 BC,Battle,"39.9575, 26.238889",https://en.wikipedia.org/wiki/Battle_of_Thymbra,https://en.wikipedia.org/wiki/Cyrus_the_Great
Battle of Towton,Wars of the Roses,28000,1461,1461,Battle,"53.836111, -1.273611",https://en.wikipedia.org/wiki/Battle_of_Towton,https://en.wikipedia.org/wiki/Wars_of_the_Roses
Battle of Tuyuti,Paraguayan War,16000,1866,1866,Battle,"-27.204444, -58.548056",https://en.wikipedia.org/wiki/Battle_of_Tuyut%C3%AD,https://en.wikipedia.org/wiki/Paraguayan_War
Battle of Ullais,Muslim conquest of Persia,35000,633,633,Battle,"31.859845, 44.634407",https://en.wikipedia.org/wiki/Battle_of_Ullais,https://en.wikipedia.org/wiki/Muslim_conquest_of_Persia
Battle of Verdun,World War I,976000,1916,1916,Operation,"49.208056, 5.421944",https://en.wikipedia.org/wiki/Battle_of_Verdun,https://en.wikipedia.org/wiki/World_War_I
Battle of Vienna,Ottoman-Habsburg wars,19500,1683,1683,Battle,"48.2, 16.366667",https://en.wikipedia.org/wiki/Battle_of_Vienna,https://en.wikipedia.org/wiki/Ottoman%E2%80%93Habsburg_wars
Battle of Vitoria,Peninsular War,13000,1813,1813,Battle,"42.85, -2.683333",https://en.wikipedia.org/wiki/Battle_of_Vitoria,https://en.wikipedia.org/wiki/Peninsular_War
Battle of Wagram,War of the Fifth Coalition,77000,1809,1809,Battle,"48.299444, 16.564444",https://en.wikipedia.org/wiki/Battle_of_Wagram,https://en.wikipedia.org/wiki/War_of_the_Fifth_Coalition
Battle of Walaja,Muslim conquest of Persia,22000,636,636,Battle,"31.391608, 44.668483",https://en.wikipedia.org/wiki/Battle_of_Walaja,https://en.wikipedia.org/wiki/Muslim_conquest_of_Persia
Battle of Warsaw,Polish-Soviet War,162000,1920,1920,Operation,"52.3, 20.816667",https://en.wikipedia.org/wiki/Battle_of_Warsaw_(1920),https://en.wikipedia.org/wiki/Polish%E2%80%93Soviet_War
Battle of Waterloo,Hundred Days,47000,1815,1815,Battle,"50.68016, 4.41169",https://en.wikipedia.org/wiki/Battle_of_Waterloo,https://en.wikipedia.org/wiki/Hundred_Days
Battle of Watling Street,Iceni Revolt,80400,61,61,Battle,"52.65625, -1.927139",https://en.wikipedia.org/wiki/Battle_of_Watling_Street,https://en.wikipedia.org/wiki/Boudica
Battle of West Hubei,Second Sino-Japanese War,85830,1943,1943,Siege,"31.2, 112.3",https://en.wikipedia.org/wiki/Battle_of_West_Hubei,https://en.wikipedia.org/wiki/Second_Sino-Japanese_War
Battle of West Hunan,Second Sino-Japanese War,44000,1945,1945,Operation,"27.4, 111.8",https://en.wikipedia.org/wiki/Battle_of_West_Hunan,https://en.wikipedia.org/wiki/Second_Sino-Japanese_War
Battle of Wuhan,Second Sino-Japanese War,540000,1938,1938,Siege,"30.5667, 114.267",https://en.wikipedia.org/wiki/Battle_of_Wuhan,https://en.wikipedia.org/wiki/Second_Sino-Japanese_War
Battle of Xinkou,Second Sino-Japanese War,120000,1937,1937,Siege,"38, 112",https://en.wikipedia.org/wiki/Battle_of_Xinkou,https://en.wikipedia.org/wiki/Second_Sino-Japanese_War
Battle of Xuzhou,Second Sino-Japanese War,130000,1938,1938,Operation,"34.2667, 117.167",https://en.wikipedia.org/wiki/Battle_of_Xuzhou,https://en.wikipedia.org/wiki/Second_Sino-Japanese_War
Battle of Yamen,Mongol conquest of the Song dynasty,100000,1279,1279,Battle,"22.188, 113.073",https://en.wikipedia.org/wiki/Battle_of_Yamen,https://en.wikipedia.org/wiki/Mongol_conquest_of_the_Song_dynasty
Battle of Yarmouk,Arab-Byzantine wars,70000,636,636,Battle,"32.81411, 35.95482",https://en.wikipedia.org/wiki/Battle_of_Yarmouk,https://en.wikipedia.org/wiki/Arab%E2%80%93Byzantine_wars
Battle of Zama,Second Punic War,21500,202 BC,202 BC,Battle,"36.298889, 9.449167",https://en.wikipedia.org/wiki/Battle_of_Zama,https://en.wikipedia.org/wiki/Second_Punic_War
Battle of Zenta,Ottoman-Habsburg wars,30300,1697,1697,Battle,"45.933333, 20.083333",https://en.wikipedia.org/wiki/Battle_of_Zenta,https://en.wikipedia.org/wiki/Ottoman%E2%80%93Habsburg_wars
Battle of Zorndorf,Seven Years' War,30000,1758,1758,Battle,"52.65, 14.666667",https://en.wikipedia.org/wiki/Battle_of_Zorndorf,https://en.wikipedia.org/wiki/Seven_Years%27_War
Battles of Khalkhin Gol,Soviet-Japanese border conflicts,50000,1939,1939,Operation,"47.730278, 118.59",https://en.wikipedia.org/wiki/Battles_of_Khalkhin_Gol,https://en.wikipedia.org/wiki/Soviet%E2%80%93Japanese_border_conflicts
Bougainville Campaign,World War II,21000,1943,1945,Operation,"-6.133333, 155.3",https://en.wikipedia.org/wiki/Bougainville_Campaign,https://en.wikipedia.org/wiki/World_War_II
Brusilov Offensive,World War I,2337000,1916,1916,Operation,"51.216667, 24.716667",https://en.wikipedia.org/wiki/Brusilov_Offensive,https://en.wikipedia.org/wiki/World_War_I
Burma Campaigns,World War II,700000,1942,1945,Operation,"16.85, 96.183333",https://en.wikipedia.org/wiki/Burma_Campaign,https://en.wikipedia.org/wiki/World_War_II
Dnieper Campaign,World War II,2480000,1943,1943,Operation,"46.5, 32.333333",https://en.wikipedia.org/wiki/Battle_of_the_Dnieper,https://en.wikipedia.org/wiki/World_War_II
Easter Offensive,Vietnam War,181500,1972,1972,Operation,"10.75, 106.666667",https://en.wikipedia.org/wiki/Easter_Offensive,https://en.wikipedia.org/wiki/Vietnam_War
Falaise pocket,World War II,140000,1944,1944,Operation,"48.892778, -0.191944",https://en.wikipedia.org/wiki/Falaise_Pocket,https://en.wikipedia.org/wiki/World_War_II
First Battle of Breitenfeld,Thirty Years' War,32550,1631,1631,Battle,"51.4, 12.333333",https://en.wikipedia.org/wiki/Battle_of_Breitenfeld_(1631),https://en.wikipedia.org/wiki/Thirty_Years%27_War
First Battle of Catalca,First Balkan War,22000,1912,1912,Operation,"41.141667, 28.463056",https://en.wikipedia.org/wiki/First_Battle_of_%C3%87atalca,https://en.wikipedia.org/wiki/First_Balkan_War
First Battle of Changsha,Second Sino-Japanese War,80000,1939,1939,Siege,"28.2, 112.967",https://en.wikipedia.org/wiki/Battle_of_Changsha_(1939),https://en.wikipedia.org/wiki/Second_Sino-Japanese_War
First Battle of Panipat,Mughal Conquest,50000,1526,1526,Battle,"29.39, 76.97",https://en.wikipedia.org/wiki/First_Battle_of_Panipat,https://en.wikipedia.org/wiki/Mughal_Empire
First Battle of the Marne,World War I,154401,1914,1914,Operation,"49.016667, 3.383333",https://en.wikipedia.org/wiki/First_Battle_of_the_Marne,https://en.wikipedia.org/wiki/World_War_I
First Battle of Ypres,World War I,104920,1914,1914,Operation,"50.8641, 2.8956",https://en.wikipedia.org/wiki/First_Battle_of_Ypres,https://en.wikipedia.org/wiki/World_War_I
First Jassy-Kishinev Offensive,World War II,195000,1944,1944,Operation,"44.416667, 26.1",https://en.wikipedia.org/wiki/First_Jassy%E2%80%93Kishinev_Offensive,https://en.wikipedia.org/wiki/World_War_II
Gallipoli Campaign,World War I,806500,1915,1916,Operation,"40.35, 26.466667",https://en.wikipedia.org/wiki/Gallipoli_Campaign,https://en.wikipedia.org/wiki/World_War_I
Gorlice-Tarnow Offensive,World War I,637000,1915,1915,Operation,"49.6544, 21.1592",https://en.wikipedia.org/wiki/Gorlice%E2%80%93Tarn%C3%B3w_Offensive,https://en.wikipedia.org/wiki/World_War_I
Great Siege of Malta,Ottoman wars in Europe,40000,1565,1565,Siege,"35.892242, 14.518216",https://en.wikipedia.org/wiki/Great_Siege_of_Malta,https://en.wikipedia.org/wiki/Ottoman_wars_in_Europe
Greco-Italian War,World War II,100000,1940,1941,Operation,"42, 22",https://en.wikipedia.org/wiki/Greco-Italian_War,https://en.wikipedia.org/wiki/World_War_II
Guadalcanal Campaign,World War II,31100,1942,1943,Operation,"-9.445556, 160.020278",https://en.wikipedia.org/wiki/Guadalcanal_Campaign,https://en.wikipedia.org/wiki/World_War_II
Gulf War,Gulf War,25678,1990,1991,Operation,"33, 44",https://en.wikipedia.org/wiki/Gulf_War,https://en.wikipedia.org/wiki/Gulf_War
Huaihai Campaign,Chinese Civil War,689000,1948,1949,Operation,"34.26, 117.21",https://en.wikipedia.org/wiki/Huaihai_Campaign,https://en.wikipedia.org/wiki/Chinese_Civil_War
Hundred Regiments Offensive,Second Sino-Japanese War,62900,1940,1940,Operation,"37.45, 116.3",https://en.wikipedia.org/wiki/Hundred_Regiments_Offensive,https://en.wikipedia.org/wiki/Second_Sino-Japanese_War
Ichi-Go,Second Sino-Japanese War,1300000,1944,1944,Operation,"23.6, 108.3",https://en.wikipedia.org/wiki/Operation_Ichi-Go,https://en.wikipedia.org/wiki/Second_Sino-Japanese_War
Invasion of Iraq,Iraq War,34543,2003,2003,Operation,"33, 44",https://en.wikipedia.org/wiki/2003_invasion_of_Iraq,https://en.wikipedia.org/wiki/Iraq_War
Invasion of Manchuria,Second Sino-Japanese War,35000,1931,1932,Operation,"45, 125",https://en.wikipedia.org/wiki/Japanese_invasion_of_Manchuria,https://en.wikipedia.org/wiki/Second_Sino-Japanese_War
Invasion of North Korea,Korean War,51700,1950,1950,Operation,"40, 127","https://en.wikipedia.org/wiki/UN_Offensive,_1950",https://en.wikipedia.org/wiki/Korean_War
Invasion of Poland,World War II,310000,1939,1939,Operation,"52.216667, 21",https://en.wikipedia.org/wiki/Invasion_of_Poland,https://en.wikipedia.org/wiki/World_War_II
Liaoshen Campaign,Chinese Civil War,542000,1948,1948,Operation,"45, 125",https://en.wikipedia.org/wiki/Liaoshen_Campaign,https://en.wikipedia.org/wiki/Chinese_Civil_War
Monastir Offensive,World War I,191000,1916,1916,Operation,"41.0319, 21.4167",https://en.wikipedia.org/wiki/Monastir_Offensive,https://en.wikipedia.org/wiki/World_War_I
Nivelle Offensive,World War I,515183,1917,1917,Operation,"49.5, 3.5",https://en.wikipedia.org/wiki/Nivelle_Offensive,https://en.wikipedia.org/wiki/World_War_I
Normandy landings,World War II,19000,1944,1944,Operation,"49.333333, -0.566667",https://en.wikipedia.org/wiki/Normandy_landings,https://en.wikipedia.org/wiki/World_War_II
Operation Bagration,World War II,1430000,1944,1944,Operation,"54, 29",https://en.wikipedia.org/wiki/Operation_Bagration,https://en.wikipedia.org/wiki/World_War_II
Operation Barbarossa,World War II,5000000,1941,1941,Operation,"50, 30",https://en.wikipedia.org/wiki/Operation_Barbarossa,https://en.wikipedia.org/wiki/World_War_II
Operation Iskra,World War II,129332,1943,1943,Operation,"59.9, 31.067",https://en.wikipedia.org/wiki/Operation_Iskra,https://en.wikipedia.org/wiki/World_War_II
Operation Market Garden,World War II,27200,1944,1944,Operation,"51.983333, 5.916667",https://en.wikipedia.org/wiki/Operation_Market_Garden,https://en.wikipedia.org/wiki/World_War_II
Operation OAU,Nigerian Civil War,30000,1968,1968,Operation,"8, 10",https://en.wikipedia.org/wiki/Operation_OAU,https://en.wikipedia.org/wiki/Nigerian_Civil_War
Operation Shingle,World War II,52200,1944,1944,Operation,"41.443022, 12.624979",https://en.wikipedia.org/wiki/Battle_of_Anzio,https://en.wikipedia.org/wiki/World_War_II
Operation Weserubung,World War II,12800,1940,1940,Operation,"64, -12",https://en.wikipedia.org/wiki/Operation_Weser%C3%BCbung,https://en.wikipedia.org/wiki/World_War_II
Overland Campaign,American Civil War,92000,1864,1864,Operation,"37.5, -79",https://en.wikipedia.org/wiki/Overland_Campaign,https://en.wikipedia.org/wiki/American_Civil_War
Peninsula Campaign,American Civil War,36463,1862,1862,Operation,"37.273889, -76.609722",https://en.wikipedia.org/wiki/Peninsula_Campaign,https://en.wikipedia.org/wiki/American_Civil_War
Pingjin Campaign,Chinese Civil War,560000,1948,1949,Operation,"39.3, 116.7",https://en.wikipedia.org/wiki/Pingjin_Campaign,https://en.wikipedia.org/wiki/Chinese_Civil_War
Romanian Campaign,World War I,842000,1916,1918,Operation,"46, 25",https://en.wikipedia.org/wiki/Romania_during_World_War_I,https://en.wikipedia.org/wiki/World_War_I
Sack of Magdeburg,Thirty Years' War,26900,1631,1631,Siege,"52.133333, 11.616667",https://en.wikipedia.org/wiki/Sack_of_Magdeburg,https://en.wikipedia.org/wiki/Thirty_Years%27_War
Second Battle of Artois,World War I,231190,1915,1915,Operation,"50.5, 2.75",https://en.wikipedia.org/wiki/Second_Battle_of_Artois,https://en.wikipedia.org/wiki/World_War_I
Second Battle of Champagne-Third Battle of Artois,World War I,217500,1915,1915,Operation,"49, 4",https://en.wikipedia.org/wiki/Second_Battle_of_Champagne,https://en.wikipedia.org/wiki/World_War_I
Second Battle of El Alamein,World War II,82500,1942,1942,Operation,"30.833333, 28.95",https://en.wikipedia.org/wiki/Second_Battle_of_El_Alamein,https://en.wikipedia.org/wiki/World_War_II
Second Battle of Kharkov,World War II,300000,1942,1942,Operation,"50.004444, 36.231389",https://en.wikipedia.org/wiki/Second_Battle_of_Kharkov,https://en.wikipedia.org/wiki/World_War_II
Second Battle of the Marne,World War I,301084,1918,1918,Operation,"49.083333, 3.666667",https://en.wikipedia.org/wiki/Second_Battle_of_the_Marne,https://en.wikipedia.org/wiki/World_War_I
Second Battle of Ypres,World War I,116248,1915,1915,Operation,"50.891, 2.979",https://en.wikipedia.org/wiki/Second_Battle_of_Ypres,https://en.wikipedia.org/wiki/World_War_I
Second Jassy-Kishinev Offensive,World War II,485424,1944,1944,Operation,"47, 28.916667",https://en.wikipedia.org/wiki/Jassy%E2%80%93Kishinev_Offensive,https://en.wikipedia.org/wiki/World_War_II
Second Siege of Zaragoza,Peninsular War,64000,1808,1809,Siege,"41.65, -0.8833",https://en.wikipedia.org/wiki/Second_Siege_of_Zaragoza,https://en.wikipedia.org/wiki/Peninsular_War
Serbian Campaign (1915 AD),World War I,331000,1915,1916,Operation,"44.816667, 20.466667",https://en.wikipedia.org/wiki/Serbian_Campaign_of_World_War_I#1915,https://en.wikipedia.org/wiki/World_War_I
Shanghai Campaign,Chinese Civil War,213073,1949,1949,Operation,"31.228611, 121.474722",https://en.wikipedia.org/wiki/Shanghai_Campaign,https://en.wikipedia.org/wiki/Chinese_Civil_War
Siege of Adrianople,First Balkan War,93282,1912,1913,Siege,"41.6744, 26.5608",https://en.wikipedia.org/wiki/Siege_of_Adrianople_(1912%E2%80%9313),https://en.wikipedia.org/wiki/First_Balkan_War
Siege of Baghdad,Mongol conquests,2100000,1258,1258,Siege,"33.3333, 44.4333",https://en.wikipedia.org/wiki/Siege_of_Baghdad_(1258),https://en.wikipedia.org/wiki/Mongol_invasions_and_conquests
Siege of Budapest,World War II,422000,1944,1945,Siege,"47.4925, 19.051389",https://en.wikipedia.org/wiki/Siege_of_Budapest,https://en.wikipedia.org/wiki/World_War_II
Siege of Changchun,Chinese Civil War,425000,1948,1948,Siege,"43.9, 125.2",https://en.wikipedia.org/wiki/Siege_of_Changchun,https://en.wikipedia.org/wiki/Chinese_Civil_War
Siege of Constantinople,Arab-Byzantine wars,170000,717,718,Siege,"41.01224, 28.976018",https://en.wikipedia.org/wiki/Siege_of_Constantinople_(717%E2%80%93718),https://en.wikipedia.org/wiki/Arab%E2%80%93Byzantine_wars
Siege of Jerusalem (1099 AD),First Crusade,40000,1099,1099,Siege,"31.7833, 35.2167",https://en.wikipedia.org/wiki/Siege_of_Jerusalem_(1099),https://en.wikipedia.org/wiki/First_Crusade
Siege of Jerusalem (70 AD),First Jewish-Roman War,70000,70,70,Siege,"31.778056, 35.235833",https://en.wikipedia.org/wiki/Siege_of_Jerusalem_(AD_70),https://en.wikipedia.org/wiki/First_Jewish%E2%80%93Roman_War
Siege of Jinji,Mughal Conquest,16000,1690,1698,Siege,"12.2639, 79.0444",https://en.wikipedia.org/wiki/Siege_of_Jinji,https://en.wikipedia.org/wiki/Mughal_Empire
Siege of La Rochelle,French Wars of Religion,18600,1627,1628,Siege,"46.1667, -1.15",https://en.wikipedia.org/wiki/Siege_of_La_Rochelle,https://en.wikipedia.org/wiki/French_Wars_of_Religion
Siege of Leningrad,World War II,4500000,1941,1944,Siege,"59.930248, 30.319061",https://en.wikipedia.org/wiki/Siege_of_Leningrad,https://en.wikipedia.org/wiki/World_War_II
Siege of Odessa,World War II,133813,1941,1941,Siege,"46.485722, 30.743444",https://en.wikipedia.org/wiki/Siege_of_Odessa_(1941),https://en.wikipedia.org/wiki/World_War_II
Siege of Petersburg,American Civil War,70000,1864,1865,Siege,"37.2176, -77.3771",https://en.wikipedia.org/wiki/Siege_of_Petersburg,https://en.wikipedia.org/wiki/American_Civil_War
Siege of Plevna,Russo-Turkish War,65000,1877,1877,Siege,"43.416667, 24.616667",https://en.wikipedia.org/wiki/Siege_of_Plevna,https://en.wikipedia.org/wiki/Russo-Turkish_War_(1877%E2%80%931878)
Siege of Port Arthur,Russo-Japanese War,100000,1904,1905,Siege,"38.8125, 121.241667",https://en.wikipedia.org/wiki/Siege_of_Port_Arthur,https://en.wikipedia.org/wiki/Russo-Japanese_War
Siege of Rhodes,Ottoman wars in Europe,11000,1522,1522,Siege,"36.166667, 28",https://en.wikipedia.org/wiki/Siege_of_Rhodes_(1522),https://en.wikipedia.org/wiki/Ottoman_wars_in_Europe
Siege of Sarajevo,Bosnian War,62000,1992,1996,Siege,"43.8476, 18.3564",https://en.wikipedia.org/wiki/Siege_of_Sarajevo,https://en.wikipedia.org/wiki/Bosnian_War
Siege of Sidon,Phoenician rebellion against Persia,40000,343 BC,343 BC,Siege,"33.560556, 35.398056",https://en.wikipedia.org/wiki/Artaxerxes_III#Rebellion_of_Cyprus_and_Sidon,https://en.wikipedia.org/wiki/Artaxerxes_III#Rebellion_of_Cyprus_and_Sidon
Siege of Tenochtitlan,Spanish conquest of the Aztec Empire,240000,1521,1521,Siege,"19.435, -99.1314",https://en.wikipedia.org/wiki/Fall_of_Tenochtitlan,https://en.wikipedia.org/wiki/Spanish_conquest_of_the_Aztec_Empire
Siege of Ulsan,Japanese invasions of Korea (1592-98),20000,343 BC,343 BC,Siege,"35.55466, 129.3394",https://en.wikipedia.org/wiki/Siege_of_Ulsan,https://en.wikipedia.org/wiki/Japanese_invasions_of_Korea_(1592%E2%80%9398)
Siege of Vicksburg,American Civil War,19000,1863,1863,Siege,"32.3436, -90.8511",https://en.wikipedia.org/wiki/Siege_of_Vicksburg,https://en.wikipedia.org/wiki/American_Civil_War
Six Days' Campaign,War of the Sixth Coalition,21150,1814,1814,Operation,"47, 2",https://en.wikipedia.org/wiki/Six_Days%27_Campaign,https://en.wikipedia.org/wiki/War_of_the_Sixth_Coalition
Spring Offensive,World War I,1544715,1918,1918,Operation,"50.002778, 2.652778",https://en.wikipedia.org/wiki/Spring_Offensive,https://en.wikipedia.org/wiki/World_War_I
Tenth Battle of the Isonzo,World War I,225000,1917,1917,Operation,"46, 13.633333",https://en.wikipedia.org/wiki/Tenth_Battle_of_the_Isonzo,https://en.wikipedia.org/wiki/World_War_I
Tet Offensive,Vietnam War,321100,1968,1968,Operation,"10.75, 106.666667",https://en.wikipedia.org/wiki/Tet_Offensive,https://en.wikipedia.org/wiki/Vietnam_War
Third Battle of Changsha,Second Sino-Japanese War,32000,1941,1942,Siege,"28.2, 112.967",https://en.wikipedia.org/wiki/Battle_of_Changsha_(1942),https://en.wikipedia.org/wiki/Second_Sino-Japanese_War
Third Battle of Nanking,Taiping Rebellion,230000,1864,1864,Siege,"32.05, 118.766667",https://en.wikipedia.org/wiki/Third_Battle_of_Nanking,https://en.wikipedia.org/wiki/Taiping_Rebellion
Third Battle of Panipat,Marathan Empire,200000,1761,1761,Battle,"29.39, 76.97",https://en.wikipedia.org/wiki/Third_Battle_of_Panipat,https://en.wikipedia.org/wiki/Maratha_Empire
Third Battle of Ypres,World War I,858614,1917,1917,Operation,"50.900278, 3.021111",https://en.wikipedia.org/wiki/Battle_of_Passchendaele,https://en.wikipedia.org/wiki/World_War_I
Tumu Crisis,Ming-Mongol War,200000,1449,1449,Battle,"40.383333, 115.6",https://en.wikipedia.org/wiki/Tumu_Crisis,https://en.wikipedia.org/wiki/Tumu_Crisis
Ulm Campaign,War of the Third Coalition,62000,1805,1805,Battle,"48.4, 9.983333",https://en.wikipedia.org/wiki/Ulm_Campaign,https://en.wikipedia.org/wiki/War_of_the_Third_Coalition
Warsaw Uprising,World War II,200000,1942,1942,Siege,"52.23, 21.010833",https://en.wikipedia.org/wiki/Warsaw_Uprising,https://en.wikipedia.org/wiki/World_War_II
Winter Offensive,Second Sino-Japanese War,90000,1939,1940,Operation,"27.3, 116",https://en.wikipedia.org/wiki/1939%E2%80%9340_Winter_Offensive,https://en.wikipedia.org/wiki/Second_Sino-Japanese_War
Winter War,World War II,225000,1939,1940,Operation,"64, 26",https://en.wikipedia.org/wiki/Winter_War,https://en.wikipedia.org/wiki/World_War_II
Yom Kippur War,Arab-Israeli conflict,21688,1973,1973,Operation,"31, 35",https://en.wikipedia.org/wiki/Yom_Kippur_War,https://en.wikipedia.org/wiki/Arab%E2%80%93Israeli_conflict
Zhejiang-Jiangxi Campaign,Second Sino-Japanese War,356000,1942,1942,Operation,"29.2, 120.5",https://en.wikipedia.org/wiki/Zhejiang-Jiangxi_campaign,https://en.wikipedia.org/wiki/Second_Sino-Japanese_War
